{
    "gd": -0.9076664181509553,
    "ga": -16.13143317348325,
    "g0": 1.8842791231644282,
    "gs": 0.046698073586512054,
    "gr": -3.6429426011852524,
    "gpi1": -1.6022604035599135,
    "gpi2": -1.1740853831959548,
    "gi": 4.999560447432514,
    "F": 0.5143359987215719,
    "expd": 0.5041243951898653,
    "expa": 0.3436880638589098
}